[
    {
        "id": 1,
        "name": "Aceh (NAD)",
        "code": "11"
    },
    {
        "id": 2,
        "name": "Bali",
        "code": "51"
    },
    {
        "id": 3,
        "name": "Banten",
        "code": "36"
    },
    {
        "id": 4,
        "name": "Bengkulu",
        "code": "17"
    },
    {
        "id": 5,
        "name": "DI Yogyakarta",
        "code": "34"
    },
    {
        "id": 6,
        "name": "DKI Jakarta",
        "code": "31"
    },
    {
        "id": 7,
        "name": "Gorontalo",
        "code": "75"
    },
    {
        "id": 8,
        "name": "Jambi",
        "code": "15"
    },
    {
        "id": 9,
        "name": "Jawa Barat",
        "code": "32"
    },
    {
        "id": 10,
        "name": "Jawa Tengah",
        "code": "33"
    },
    {
        "id": 11,
        "name": "Jawa Timur",
        "code": "35"
    },
    {
        "id": 12,
        "name": "Kalimantan Barat",
        "code": "61"
    },
    {
        "id": 13,
        "name": "Kalimantan Selatan",
        "code": "63"
    },
    {
        "id": 14,
        "name": "Kalimantan Tengah",
        "code": "62"
    },
    {
        "id": 15,
        "name": "Kalimantan Timur",
        "code": "64"
    },
    {
        "id": 16,
        "name": "Kalimantan Utara",
        "code": "65"
    },
    {
        "id": 17,
        "name": "Kepulauan Bangka Belitung",
        "code": "19"
    },
    {
        "id": 18,
        "name": "Kepulauan Riau",
        "code": "21"
    },
    {
        "id": 19,
        "name": "Lampung",
        "code": "18"
    },
    {
        "id": 20,
        "name": "Maluku",
        "code": "81"
    },
    {
        "id": 21,
        "name": "Maluku Utara",
        "code": "82"
    },
    {
        "id": 22,
        "name": "Nusa Tenggara Barat (NTB)",
        "code": "52"
    },
    {
        "id": 23,
        "name": "Nusa Tenggara Timur (NTT)",
        "code": "53"
    },
    {
        "id": 24,
        "name": "Papua",
        "code": "91"
    },
    {
        "id": 25,
        "name": "Papua Barat",
        "code": "92"
    },
    {
        "id": 26,
        "name": "Papua Barat Daya",
        "code": "92"
    },
    {
        "id": 27,
        "name": "Papua Pegunungan",
        "code": "95"
    },
    {
        "id": 28,
        "name": "Papua Selatan",
        "code": "93"
    },
    {
        "id": 29,
        "name": "Papua Tengah",
        "code": "94"
    },
    {
        "id": 30,
        "name": "Riau",
        "code": "14"
    },
    {
        "id": 31,
        "name": "Sulawesi Barat",
        "code": "76"
    },
    {
        "id": 32,
        "name": "Sulawesi Selatan",
        "code": "73"
    },
    {
        "id": 33,
        "name": "Sulawesi Tengah",
        "code": "72"
    },
    {
        "id": 34,
        "name": "Sulawesi Tenggara",
        "code": "74"
    },
    {
        "id": 35,
        "name": "Sulawesi Utara",
        "code": "71"
    },
    {
        "id": 36,
        "name": "Sumatera Barat",
        "code": "13"
    },
    {
        "id": 37,
        "name": "Sumatera Selatan",
        "code": "16"
    },
    {
        "id": 38,
        "name": "Sumatera Utara",
        "code": "12"
    }
]
